R,0x000000003b65b86d,
R,0x00000000854d30b0,
W,0x000000003b65b86d,32
R,0x00000000854d30b0,
W,0x00000000854d30b0,432
R,0x000000009432cf39,
R,0x000000003b65b86d,
W,0x000000003b65b86d,32
R,0x000000009432cf39,
R,0x00000000854d30b0,
W,0x00000000854d30b0,432
R,0x000000009432cf39,
W,0x000000009432cf39,773
R,0x000000017bb34912,
R,0x0000000229be959f,
W,0x0000000229be959f,667
R,0x000000017bb34912,
W,0x000000017bb34912,709
R,0x000000023e4fc90a,
R,0x0000000229be959f,
W,0x0000000229be959f,667
R,0x000000023e4fc90a,
R,0x000000017bb34912,
W,0x000000017bb34912,709
R,0x000000023e4fc90a,
W,0x000000023e4fc90a,975
R,0x000000003b65b86d,
R,0x0000000229be959f,
W,0x000000003b65b86d,32
R,0x00000000854d30b0,
R,0x0000000229be959f,
W,0x00000000854d30b0,432
R,0x000000009432cf39,
R,0x0000000229be959f,
W,0x0000000229be959f,667
R,0x000000009432cf39,
R,0x000000017bb34912,
W,0x000000017bb34912,709
R,0x000000009432cf39,
R,0x000000023e4fc90a,
W,0x000000009432cf39,773
R,0x000000023e4fc90a,
W,0x000000023e4fc90a,975
R,0x00000002519bbba7,
R,0x00000003287f6c4a,
W,0x00000002519bbba7,430
R,0x00000003287f6c4a,
W,0x00000003287f6c4a,475
R,0x00000003674adf00,
R,0x00000002519bbba7,
W,0x00000002519bbba7,430
R,0x00000003674adf00,
R,0x00000003287f6c4a,
W,0x00000003287f6c4a,475
R,0x00000003674adf00,
W,0x00000003674adf00,527
R,0x00000004335cef65,
R,0x0000000490ed647a,
W,0x00000004335cef65,145
R,0x0000000490ed647a,
W,0x0000000490ed647a,699
R,0x000000054c213fd9,
R,0x00000004335cef65,
W,0x000000054c213fd9,40
R,0x00000004335cef65,
W,0x00000004335cef65,145
R,0x0000000490ed647a,
W,0x0000000490ed647a,699
R,0x00000002519bbba7,
R,0x000000054c213fd9,
W,0x000000054c213fd9,40
R,0x00000002519bbba7,
R,0x00000004335cef65,
W,0x00000004335cef65,145
R,0x00000002519bbba7,
R,0x0000000490ed647a,
W,0x00000002519bbba7,430
R,0x00000003287f6c4a,
R,0x0000000490ed647a,
W,0x00000003287f6c4a,475
R,0x00000003674adf00,
R,0x0000000490ed647a,
W,0x00000003674adf00,527
R,0x0000000490ed647a,
W,0x0000000490ed647a,699
R,0x000000003b65b86d,
R,0x000000054c213fd9,
W,0x000000003b65b86d,32
R,0x00000000854d30b0,
R,0x000000054c213fd9,
W,0x000000054c213fd9,40
R,0x00000000854d30b0,
R,0x00000004335cef65,
W,0x00000004335cef65,145
R,0x00000000854d30b0,
R,0x00000002519bbba7,
W,0x00000002519bbba7,430
R,0x00000000854d30b0,
R,0x00000003287f6c4a,
W,0x00000000854d30b0,432
R,0x0000000229be959f,
R,0x00000003287f6c4a,
W,0x00000003287f6c4a,475
R,0x0000000229be959f,
R,0x00000003674adf00,
W,0x00000003674adf00,527
R,0x0000000229be959f,
R,0x0000000490ed647a,
W,0x0000000229be959f,667
R,0x000000017bb34912,
R,0x0000000490ed647a,
W,0x0000000490ed647a,699
R,0x000000017bb34912,
W,0x000000017bb34912,709
R,0x000000009432cf39,
W,0x000000009432cf39,773
R,0x000000023e4fc90a,
W,0x000000023e4fc90a,975
R,0x00000005bd52808e,
R,0x00000006ac5128ea,
W,0x00000005bd52808e,74
R,0x00000006ac5128ea,
W,0x00000006ac5128ea,440
R,0x0000000752eb8ef5,
R,0x00000005bd52808e,
W,0x00000005bd52808e,74
R,0x0000000752eb8ef5,
R,0x00000006ac5128ea,
W,0x00000006ac5128ea,440
R,0x0000000752eb8ef5,
W,0x0000000752eb8ef5,823
R,0x00000007fd19eb68,
R,0x0000000851520ce3,
W,0x0000000851520ce3,20
R,0x00000007fd19eb68,
W,0x00000007fd19eb68,650
R,0x00000008d0f7365f,
R,0x0000000851520ce3,
W,0x0000000851520ce3,20
R,0x00000008d0f7365f,
R,0x00000007fd19eb68,
W,0x00000008d0f7365f,512
R,0x00000007fd19eb68,
W,0x00000007fd19eb68,650
R,0x00000005bd52808e,
R,0x0000000851520ce3,
W,0x0000000851520ce3,20
R,0x00000005bd52808e,
R,0x00000008d0f7365f,
W,0x00000005bd52808e,74
R,0x00000006ac5128ea,
R,0x00000008d0f7365f,
W,0x00000006ac5128ea,440
R,0x0000000752eb8ef5,
R,0x00000008d0f7365f,
W,0x00000008d0f7365f,512
R,0x0000000752eb8ef5,
R,0x00000007fd19eb68,
W,0x00000007fd19eb68,650
R,0x0000000752eb8ef5,
W,0x0000000752eb8ef5,823
R,0x0000000953316cf7,
R,0x00000009730002d7,
W,0x0000000953316cf7,22
R,0x00000009730002d7,
W,0x00000009730002d7,571
R,0x00000009acdfd5b8,
R,0x0000000953316cf7,
W,0x0000000953316cf7,22
R,0x00000009acdfd5b8,
R,0x00000009730002d7,
W,0x00000009acdfd5b8,548
R,0x00000009730002d7,
W,0x00000009730002d7,571
R,0x0000000a8a58b629,
R,0x0000000af526f787,
W,0x0000000a8a58b629,379
R,0x0000000af526f787,
W,0x0000000af526f787,552
R,0x0000000b5a204f97,
R,0x0000000bdef54290,
W,0x0000000b5a204f97,127
R,0x0000000bdef54290,
W,0x0000000bdef54290,647
R,0x0000000a8a58b629,
R,0x0000000b5a204f97,
W,0x0000000b5a204f97,127
R,0x0000000a8a58b629,
R,0x0000000bdef54290,
W,0x0000000a8a58b629,379
R,0x0000000af526f787,
R,0x0000000bdef54290,
W,0x0000000af526f787,552
R,0x0000000bdef54290,
W,0x0000000bdef54290,647
R,0x0000000953316cf7,
R,0x0000000b5a204f97,
W,0x0000000953316cf7,22
R,0x00000009acdfd5b8,
R,0x0000000b5a204f97,
W,0x0000000b5a204f97,127
R,0x00000009acdfd5b8,
R,0x0000000a8a58b629,
W,0x0000000a8a58b629,379
R,0x00000009acdfd5b8,
R,0x0000000af526f787,
W,0x00000009acdfd5b8,548
R,0x00000009730002d7,
R,0x0000000af526f787,
W,0x0000000af526f787,552
R,0x00000009730002d7,
R,0x0000000bdef54290,
W,0x00000009730002d7,571
R,0x0000000bdef54290,
W,0x0000000bdef54290,647
R,0x0000000851520ce3,
R,0x0000000953316cf7,
W,0x0000000851520ce3,20
R,0x00000005bd52808e,
R,0x0000000953316cf7,
W,0x0000000953316cf7,22
R,0x00000005bd52808e,
R,0x0000000b5a204f97,
W,0x00000005bd52808e,74
R,0x00000006ac5128ea,
R,0x0000000b5a204f97,
W,0x0000000b5a204f97,127
R,0x00000006ac5128ea,
R,0x0000000a8a58b629,
W,0x0000000a8a58b629,379
R,0x00000006ac5128ea,
R,0x00000009acdfd5b8,
W,0x00000006ac5128ea,440
R,0x00000008d0f7365f,
R,0x00000009acdfd5b8,
W,0x00000008d0f7365f,512
R,0x00000007fd19eb68,
R,0x00000009acdfd5b8,
W,0x00000009acdfd5b8,548
R,0x00000007fd19eb68,
R,0x0000000af526f787,
W,0x0000000af526f787,552
R,0x00000007fd19eb68,
R,0x00000009730002d7,
W,0x00000009730002d7,571
R,0x00000007fd19eb68,
R,0x0000000bdef54290,
W,0x0000000bdef54290,647
R,0x00000007fd19eb68,
W,0x00000007fd19eb68,650
R,0x0000000752eb8ef5,
W,0x0000000752eb8ef5,823
R,0x000000003b65b86d,
R,0x0000000851520ce3,
W,0x0000000851520ce3,20
R,0x000000003b65b86d,
R,0x0000000953316cf7,
W,0x0000000953316cf7,22
R,0x000000003b65b86d,
R,0x00000005bd52808e,
W,0x000000003b65b86d,32
R,0x000000054c213fd9,
R,0x00000005bd52808e,
W,0x000000054c213fd9,40
R,0x00000004335cef65,
R,0x00000005bd52808e,
W,0x00000005bd52808e,74
R,0x00000004335cef65,
R,0x0000000b5a204f97,
W,0x0000000b5a204f97,127
R,0x00000004335cef65,
R,0x0000000a8a58b629,
W,0x00000004335cef65,145
R,0x00000002519bbba7,
R,0x0000000a8a58b629,
W,0x0000000a8a58b629,379
R,0x00000002519bbba7,
R,0x00000006ac5128ea,
W,0x00000002519bbba7,430
R,0x00000000854d30b0,
R,0x00000006ac5128ea,
W,0x00000000854d30b0,432
R,0x00000003287f6c4a,
R,0x00000006ac5128ea,
W,0x00000006ac5128ea,440
R,0x00000003287f6c4a,
R,0x00000008d0f7365f,
W,0x00000003287f6c4a,475
R,0x00000003674adf00,
R,0x00000008d0f7365f,
W,0x00000008d0f7365f,512
R,0x00000003674adf00,
R,0x00000009acdfd5b8,
W,0x00000003674adf00,527
R,0x0000000229be959f,
R,0x00000009acdfd5b8,
W,0x00000009acdfd5b8,548
R,0x0000000229be959f,
R,0x0000000af526f787,
W,0x0000000af526f787,552
R,0x0000000229be959f,
R,0x00000009730002d7,
W,0x00000009730002d7,571
R,0x0000000229be959f,
R,0x0000000bdef54290,
W,0x0000000bdef54290,647
R,0x0000000229be959f,
R,0x00000007fd19eb68,
W,0x00000007fd19eb68,650
R,0x0000000229be959f,
R,0x0000000752eb8ef5,
W,0x0000000229be959f,667
R,0x0000000490ed647a,
R,0x0000000752eb8ef5,
W,0x0000000490ed647a,699
R,0x000000017bb34912,
R,0x0000000752eb8ef5,
W,0x000000017bb34912,709
R,0x000000009432cf39,
R,0x0000000752eb8ef5,
W,0x000000009432cf39,773
R,0x000000023e4fc90a,
R,0x0000000752eb8ef5,
W,0x0000000752eb8ef5,823
R,0x000000023e4fc90a,
W,0x000000023e4fc90a,975
R,0x0000000c043153e5,
R,0x0000000c460838c3,
W,0x0000000c460838c3,588
R,0x0000000c043153e5,
W,0x0000000c043153e5,610
R,0x0000000d0f7290ab,
R,0x0000000c460838c3,
W,0x0000000d0f7290ab,140
R,0x0000000c460838c3,
W,0x0000000c460838c3,588
R,0x0000000c043153e5,
W,0x0000000c043153e5,610
R,0x0000000d1c1bc6a0,
R,0x0000000dd3d0c58f,
W,0x0000000d1c1bc6a0,86
R,0x0000000dd3d0c58f,
W,0x0000000dd3d0c58f,826
R,0x0000000e336306c3,
R,0x0000000d1c1bc6a0,
W,0x0000000d1c1bc6a0,86
R,0x0000000e336306c3,
R,0x0000000dd3d0c58f,
W,0x0000000e336306c3,817
R,0x0000000dd3d0c58f,
W,0x0000000dd3d0c58f,826
R,0x0000000d0f7290ab,
R,0x0000000d1c1bc6a0,
W,0x0000000d1c1bc6a0,86
R,0x0000000d0f7290ab,
R,0x0000000e336306c3,
W,0x0000000d0f7290ab,140
R,0x0000000c460838c3,
R,0x0000000e336306c3,
W,0x0000000c460838c3,588
R,0x0000000c043153e5,
R,0x0000000e336306c3,
W,0x0000000c043153e5,610
R,0x0000000e336306c3,
W,0x0000000e336306c3,817
R,0x0000000dd3d0c58f,
W,0x0000000dd3d0c58f,826
R,0x0000000ef0d7e821,
R,0x0000000f3ff5b711,
W,0x0000000f3ff5b711,1
R,0x0000000ef0d7e821,
W,0x0000000ef0d7e821,943
R,0x0000000fdac78241,
R,0x0000000f3ff5b711,
W,0x0000000f3ff5b711,1
R,0x0000000fdac78241,
R,0x0000000ef0d7e821,
W,0x0000000fdac78241,678
R,0x0000000ef0d7e821,
W,0x0000000ef0d7e821,943
R,0x0000001088207dee,
R,0x00000010a359fb06,
W,0x00000010a359fb06,545
R,0x0000001088207dee,
W,0x0000001088207dee,940
R,0x00000011323e4703,
R,0x00000010a359fb06,
W,0x00000010a359fb06,545
R,0x00000011323e4703,
R,0x0000001088207dee,
W,0x00000011323e4703,595
R,0x0000001088207dee,
W,0x0000001088207dee,940
R,0x0000000f3ff5b711,
R,0x00000010a359fb06,
W,0x0000000f3ff5b711,1
R,0x0000000fdac78241,
R,0x00000010a359fb06,
W,0x00000010a359fb06,545
R,0x0000000fdac78241,
R,0x00000011323e4703,
W,0x00000011323e4703,595
R,0x0000000fdac78241,
R,0x0000001088207dee,
W,0x0000000fdac78241,678
R,0x0000000ef0d7e821,
R,0x0000001088207dee,
W,0x0000001088207dee,940
R,0x0000000ef0d7e821,
W,0x0000000ef0d7e821,943
R,0x0000000d1c1bc6a0,
R,0x0000000f3ff5b711,
W,0x0000000f3ff5b711,1
R,0x0000000d1c1bc6a0,
R,0x00000010a359fb06,
W,0x0000000d1c1bc6a0,86
R,0x0000000d0f7290ab,
R,0x00000010a359fb06,
W,0x0000000d0f7290ab,140
R,0x0000000c460838c3,
R,0x00000010a359fb06,
W,0x00000010a359fb06,545
R,0x0000000c460838c3,
R,0x00000011323e4703,
W,0x0000000c460838c3,588
R,0x0000000c043153e5,
R,0x00000011323e4703,
W,0x00000011323e4703,595
R,0x0000000c043153e5,
R,0x0000000fdac78241,
W,0x0000000c043153e5,610
R,0x0000000e336306c3,
R,0x0000000fdac78241,
W,0x0000000fdac78241,678
R,0x0000000e336306c3,
R,0x0000001088207dee,
W,0x0000000e336306c3,817
R,0x0000000dd3d0c58f,
R,0x0000001088207dee,
W,0x0000000dd3d0c58f,826
R,0x0000001088207dee,
W,0x0000001088207dee,940
R,0x0000000ef0d7e821,
W,0x0000000ef0d7e821,943
R,0x00000011c8ed54dd,
R,0x000000124e1ae332,
W,0x000000124e1ae332,618
R,0x00000011c8ed54dd,
W,0x00000011c8ed54dd,676
R,0x000000125d14f6ed,
R,0x000000124e1ae332,
W,0x000000124e1ae332,618
R,0x000000125d14f6ed,
R,0x00000011c8ed54dd,
W,0x00000011c8ed54dd,676
R,0x000000125d14f6ed,
W,0x000000125d14f6ed,848
R,0x00000012d2752fe8,
R,0x000000130ec7601c,
W,0x00000012d2752fe8,103
R,0x000000130ec7601c,
W,0x000000130ec7601c,692
R,0x0000001356cce9ed,
R,0x00000012d2752fe8,
W,0x00000012d2752fe8,103
R,0x0000001356cce9ed,
R,0x000000130ec7601c,
W,0x0000001356cce9ed,333
R,0x000000130ec7601c,
W,0x000000130ec7601c,692
R,0x000000124e1ae332,
R,0x00000012d2752fe8,
W,0x00000012d2752fe8,103
R,0x000000124e1ae332,
R,0x0000001356cce9ed,
W,0x0000001356cce9ed,333
R,0x000000124e1ae332,
R,0x000000130ec7601c,
W,0x000000124e1ae332,618
R,0x00000011c8ed54dd,
R,0x000000130ec7601c,
W,0x00000011c8ed54dd,676
R,0x000000125d14f6ed,
R,0x000000130ec7601c,
W,0x000000130ec7601c,692
R,0x000000125d14f6ed,
W,0x000000125d14f6ed,848
R,0x00000013cd0111c4,
R,0x00000013f8e387ec,
W,0x00000013f8e387ec,463
R,0x00000013cd0111c4,
W,0x00000013cd0111c4,603
R,0x000000144da3d3d6,
R,0x00000013f8e387ec,
W,0x000000144da3d3d6,447
R,0x00000013f8e387ec,
W,0x00000013f8e387ec,463
R,0x00000013cd0111c4,
W,0x00000013cd0111c4,603
R,0x000000145f6258ff,
R,0x00000014bfb6ceae,
W,0x00000014bfb6ceae,318
R,0x000000145f6258ff,
W,0x000000145f6258ff,579
R,0x00000014f208f30f,
R,0x00000014faeca43f,
W,0x00000014f208f30f,123
R,0x00000014faeca43f,
W,0x00000014faeca43f,211
R,0x00000014bfb6ceae,
R,0x00000014f208f30f,
W,0x00000014f208f30f,123
R,0x00000014bfb6ceae,
R,0x00000014faeca43f,
W,0x00000014faeca43f,211
R,0x00000014bfb6ceae,
W,0x00000014bfb6ceae,318
R,0x000000145f6258ff,
W,0x000000145f6258ff,579
R,0x000000144da3d3d6,
R,0x00000014f208f30f,
W,0x00000014f208f30f,123
R,0x000000144da3d3d6,
R,0x00000014faeca43f,
W,0x00000014faeca43f,211
R,0x000000144da3d3d6,
R,0x00000014bfb6ceae,
W,0x00000014bfb6ceae,318
R,0x000000144da3d3d6,
R,0x000000145f6258ff,
W,0x000000144da3d3d6,447
R,0x00000013f8e387ec,
R,0x000000145f6258ff,
W,0x00000013f8e387ec,463
R,0x00000013cd0111c4,
R,0x000000145f6258ff,
W,0x000000145f6258ff,579
R,0x00000013cd0111c4,
W,0x00000013cd0111c4,603
R,0x00000012d2752fe8,
R,0x00000014f208f30f,
W,0x00000012d2752fe8,103
R,0x0000001356cce9ed,
R,0x00000014f208f30f,
W,0x00000014f208f30f,123
R,0x0000001356cce9ed,
R,0x00000014faeca43f,
W,0x00000014faeca43f,211
R,0x0000001356cce9ed,
R,0x00000014bfb6ceae,
W,0x00000014bfb6ceae,318
R,0x0000001356cce9ed,
R,0x000000144da3d3d6,
W,0x0000001356cce9ed,333
R,0x000000124e1ae332,
R,0x000000144da3d3d6,
W,0x000000144da3d3d6,447
R,0x000000124e1ae332,
R,0x00000013f8e387ec,
W,0x00000013f8e387ec,463
R,0x000000124e1ae332,
R,0x000000145f6258ff,
W,0x000000145f6258ff,579
R,0x000000124e1ae332,
R,0x00000013cd0111c4,
W,0x00000013cd0111c4,603
R,0x000000124e1ae332,
W,0x000000124e1ae332,618
R,0x00000011c8ed54dd,
W,0x00000011c8ed54dd,676
R,0x000000130ec7601c,
W,0x000000130ec7601c,692
R,0x000000125d14f6ed,
W,0x000000125d14f6ed,848
R,0x0000000f3ff5b711,
R,0x00000012d2752fe8,
W,0x0000000f3ff5b711,1
R,0x0000000d1c1bc6a0,
R,0x00000012d2752fe8,
W,0x0000000d1c1bc6a0,86
R,0x0000000d0f7290ab,
R,0x00000012d2752fe8,
W,0x00000012d2752fe8,103
R,0x0000000d0f7290ab,
R,0x00000014f208f30f,
W,0x00000014f208f30f,123
R,0x0000000d0f7290ab,
R,0x00000014faeca43f,
W,0x0000000d0f7290ab,140
R,0x00000010a359fb06,
R,0x00000014faeca43f,
W,0x00000014faeca43f,211
R,0x00000010a359fb06,
R,0x00000014bfb6ceae,
W,0x00000014bfb6ceae,318
R,0x00000010a359fb06,
R,0x0000001356cce9ed,
W,0x0000001356cce9ed,333
R,0x00000010a359fb06,
R,0x000000144da3d3d6,
W,0x000000144da3d3d6,447
R,0x00000010a359fb06,
R,0x00000013f8e387ec,
W,0x00000013f8e387ec,463
R,0x00000010a359fb06,
R,0x000000145f6258ff,
W,0x00000010a359fb06,545
R,0x0000000c460838c3,
R,0x000000145f6258ff,
W,0x000000145f6258ff,579
R,0x0000000c460838c3,
R,0x00000013cd0111c4,
W,0x0000000c460838c3,588
R,0x00000011323e4703,
R,0x00000013cd0111c4,
W,0x00000011323e4703,595
R,0x0000000c043153e5,
R,0x00000013cd0111c4,
W,0x00000013cd0111c4,603
R,0x0000000c043153e5,
R,0x000000124e1ae332,
W,0x0000000c043153e5,610
R,0x0000000fdac78241,
R,0x000000124e1ae332,
W,0x000000124e1ae332,618
R,0x0000000fdac78241,
R,0x00000011c8ed54dd,
W,0x00000011c8ed54dd,676
R,0x0000000fdac78241,
R,0x000000130ec7601c,
W,0x0000000fdac78241,678
R,0x0000000e336306c3,
R,0x000000130ec7601c,
W,0x000000130ec7601c,692
R,0x0000000e336306c3,
R,0x000000125d14f6ed,
W,0x0000000e336306c3,817
R,0x0000000dd3d0c58f,
R,0x000000125d14f6ed,
W,0x0000000dd3d0c58f,826
R,0x0000001088207dee,
R,0x000000125d14f6ed,
W,0x000000125d14f6ed,848
R,0x0000001088207dee,
W,0x0000001088207dee,940
R,0x0000000ef0d7e821,
W,0x0000000ef0d7e821,943
R,0x0000000851520ce3,
R,0x0000000f3ff5b711,
W,0x0000000f3ff5b711,1
R,0x0000000851520ce3,
R,0x0000000d1c1bc6a0,
W,0x0000000851520ce3,20
R,0x0000000953316cf7,
R,0x0000000d1c1bc6a0,
W,0x0000000953316cf7,22
R,0x000000003b65b86d,
R,0x0000000d1c1bc6a0,
W,0x000000003b65b86d,32
R,0x000000054c213fd9,
R,0x0000000d1c1bc6a0,
W,0x000000054c213fd9,40
R,0x00000005bd52808e,
R,0x0000000d1c1bc6a0,
W,0x00000005bd52808e,74
R,0x0000000b5a204f97,
R,0x0000000d1c1bc6a0,
W,0x0000000d1c1bc6a0,86
R,0x0000000b5a204f97,
R,0x00000012d2752fe8,
W,0x00000012d2752fe8,103
R,0x0000000b5a204f97,
R,0x00000014f208f30f,
W,0x00000014f208f30f,123
R,0x0000000b5a204f97,
R,0x0000000d0f7290ab,
W,0x0000000b5a204f97,127
R,0x00000004335cef65,
R,0x0000000d0f7290ab,
W,0x0000000d0f7290ab,140
R,0x00000004335cef65,
R,0x00000014faeca43f,
W,0x00000004335cef65,145
R,0x0000000a8a58b629,
R,0x00000014faeca43f,
W,0x00000014faeca43f,211
R,0x0000000a8a58b629,
R,0x00000014bfb6ceae,
W,0x00000014bfb6ceae,318
R,0x0000000a8a58b629,
R,0x0000001356cce9ed,
W,0x0000001356cce9ed,333
R,0x0000000a8a58b629,
R,0x000000144da3d3d6,
W,0x0000000a8a58b629,379
R,0x00000002519bbba7,
R,0x000000144da3d3d6,
W,0x00000002519bbba7,430
R,0x00000000854d30b0,
R,0x000000144da3d3d6,
W,0x00000000854d30b0,432
R,0x00000006ac5128ea,
R,0x000000144da3d3d6,
W,0x00000006ac5128ea,440
R,0x00000003287f6c4a,
R,0x000000144da3d3d6,
W,0x000000144da3d3d6,447
R,0x00000003287f6c4a,
R,0x00000013f8e387ec,
W,0x00000013f8e387ec,463
R,0x00000003287f6c4a,
R,0x00000010a359fb06,
W,0x00000003287f6c4a,475
R,0x00000008d0f7365f,
R,0x00000010a359fb06,
W,0x00000008d0f7365f,512
R,0x00000003674adf00,
R,0x00000010a359fb06,
W,0x00000003674adf00,527
R,0x00000009acdfd5b8,
R,0x00000010a359fb06,
W,0x00000010a359fb06,545
R,0x00000009acdfd5b8,
R,0x000000145f6258ff,
W,0x00000009acdfd5b8,548
R,0x0000000af526f787,
R,0x000000145f6258ff,
W,0x0000000af526f787,552
R,0x00000009730002d7,
R,0x000000145f6258ff,
W,0x00000009730002d7,571
R,0x0000000bdef54290,
R,0x000000145f6258ff,
W,0x000000145f6258ff,579
R,0x0000000bdef54290,
R,0x0000000c460838c3,
W,0x0000000c460838c3,588
R,0x0000000bdef54290,
R,0x00000011323e4703,
W,0x00000011323e4703,595
R,0x0000000bdef54290,
R,0x00000013cd0111c4,
W,0x00000013cd0111c4,603
R,0x0000000bdef54290,
R,0x0000000c043153e5,
W,0x0000000c043153e5,610
R,0x0000000bdef54290,
R,0x000000124e1ae332,
W,0x000000124e1ae332,618
R,0x0000000bdef54290,
R,0x00000011c8ed54dd,
W,0x0000000bdef54290,647
R,0x00000007fd19eb68,
R,0x00000011c8ed54dd,
W,0x00000007fd19eb68,650
R,0x0000000229be959f,
R,0x00000011c8ed54dd,
W,0x0000000229be959f,667
R,0x0000000490ed647a,
R,0x00000011c8ed54dd,
W,0x00000011c8ed54dd,676
R,0x0000000490ed647a,
R,0x0000000fdac78241,
W,0x0000000fdac78241,678
R,0x0000000490ed647a,
R,0x000000130ec7601c,
W,0x000000130ec7601c,692
R,0x0000000490ed647a,
R,0x0000000e336306c3,
W,0x0000000490ed647a,699
R,0x000000017bb34912,
R,0x0000000e336306c3,
W,0x000000017bb34912,709
R,0x000000009432cf39,
R,0x0000000e336306c3,
W,0x000000009432cf39,773
R,0x0000000752eb8ef5,
R,0x0000000e336306c3,
W,0x0000000e336306c3,817
R,0x0000000752eb8ef5,
R,0x0000000dd3d0c58f,
W,0x0000000752eb8ef5,823
R,0x000000023e4fc90a,
R,0x0000000dd3d0c58f,
W,0x0000000dd3d0c58f,826
R,0x000000023e4fc90a,
R,0x000000125d14f6ed,
W,0x000000125d14f6ed,848
R,0x000000023e4fc90a,
R,0x0000001088207dee,
W,0x0000001088207dee,940
R,0x000000023e4fc90a,
R,0x0000000ef0d7e821,
W,0x0000000ef0d7e821,943
R,0x000000023e4fc90a,
W,0x000000023e4fc90a,975
R,0x00000015add0e2a0,
R,0x000000160a6acf3d,
W,0x00000015add0e2a0,146
R,0x000000160a6acf3d,
W,0x000000160a6acf3d,660
R,0x00000016eb905e0b,
R,0x00000015add0e2a0,
W,0x00000015add0e2a0,146
R,0x00000016eb905e0b,
R,0x000000160a6acf3d,
W,0x00000016eb905e0b,611
R,0x000000160a6acf3d,
W,0x000000160a6acf3d,660
R,0x0000001735b1585f,
R,0x00000017f6407efd,
W,0x00000017f6407efd,448
R,0x0000001735b1585f,
W,0x0000001735b1585f,918
R,0x00000018e0dbd52a,
R,0x00000017f6407efd,
W,0x00000017f6407efd,448
R,0x00000018e0dbd52a,
R,0x0000001735b1585f,
W,0x00000018e0dbd52a,468
R,0x0000001735b1585f,
W,0x0000001735b1585f,918
R,0x00000015add0e2a0,
R,0x00000017f6407efd,
W,0x00000015add0e2a0,146
R,0x00000016eb905e0b,
R,0x00000017f6407efd,
W,0x00000017f6407efd,448
R,0x00000016eb905e0b,
R,0x00000018e0dbd52a,
W,0x00000018e0dbd52a,468
R,0x00000016eb905e0b,
R,0x0000001735b1585f,
W,0x00000016eb905e0b,611
R,0x000000160a6acf3d,
R,0x0000001735b1585f,
W,0x000000160a6acf3d,660
R,0x0000001735b1585f,
W,0x0000001735b1585f,918
R,0x00000019510e74d0,
R,0x00000019f86ba998,
W,0x00000019f86ba998,530
R,0x00000019510e74d0,
W,0x00000019510e74d0,797
R,0x0000001ac932b298,
R,0x00000019f86ba998,
W,0x0000001ac932b298,111
R,0x00000019f86ba998,
W,0x00000019f86ba998,530
R,0x00000019510e74d0,
W,0x00000019510e74d0,797
R,0x0000001b99a05706,
R,0x0000001c04807e71,
W,0x0000001b99a05706,376
R,0x0000001c04807e71,
W,0x0000001c04807e71,932
R,0x0000001c4adc6a06,
R,0x0000001b99a05706,
W,0x0000001b99a05706,376
R,0x0000001c4adc6a06,
R,0x0000001c04807e71,
W,0x0000001c4adc6a06,638
R,0x0000001c04807e71,
W,0x0000001c04807e71,932
R,0x0000001ac932b298,
R,0x0000001b99a05706,
W,0x0000001ac932b298,111
R,0x00000019f86ba998,
R,0x0000001b99a05706,
W,0x0000001b99a05706,376
R,0x00000019f86ba998,
R,0x0000001c4adc6a06,
W,0x00000019f86ba998,530
R,0x00000019510e74d0,
R,0x0000001c4adc6a06,
W,0x0000001c4adc6a06,638
R,0x00000019510e74d0,
R,0x0000001c04807e71,
W,0x00000019510e74d0,797
R,0x0000001c04807e71,
W,0x0000001c04807e71,932
R,0x00000015add0e2a0,
R,0x0000001ac932b298,
W,0x0000001ac932b298,111
R,0x00000015add0e2a0,
R,0x0000001b99a05706,
W,0x00000015add0e2a0,146
R,0x00000017f6407efd,
R,0x0000001b99a05706,
W,0x0000001b99a05706,376
R,0x00000017f6407efd,
R,0x00000019f86ba998,
W,0x00000017f6407efd,448
R,0x00000018e0dbd52a,
R,0x00000019f86ba998,
W,0x00000018e0dbd52a,468
R,0x00000016eb905e0b,
R,0x00000019f86ba998,
W,0x00000019f86ba998,530
R,0x00000016eb905e0b,
R,0x0000001c4adc6a06,
W,0x00000016eb905e0b,611
R,0x000000160a6acf3d,
R,0x0000001c4adc6a06,
W,0x0000001c4adc6a06,638
R,0x000000160a6acf3d,
R,0x00000019510e74d0,
W,0x000000160a6acf3d,660
R,0x0000001735b1585f,
R,0x00000019510e74d0,
W,0x00000019510e74d0,797
R,0x0000001735b1585f,
R,0x0000001c04807e71,
W,0x0000001735b1585f,918
R,0x0000001c04807e71,
W,0x0000001c04807e71,932
R,0x0000001cca60d48d,
R,0x0000001d972ba5a0,
W,0x0000001d972ba5a0,290
R,0x0000001cca60d48d,
W,0x0000001cca60d48d,556
R,0x0000001da544c389,
R,0x0000001d972ba5a0,
W,0x0000001d972ba5a0,290
R,0x0000001da544c389,
R,0x0000001cca60d48d,
W,0x0000001cca60d48d,556
R,0x0000001da544c389,
W,0x0000001da544c389,594
R,0x0000001e07472190,
R,0x0000000c043153e5,
W,0x0000001e07472190,560
R,0x0000000c043153e5,
W,0x0000000c043153e5,610
R,0x0000001ea0219a22,
R,0x0000001e07472190,
W,0x0000001ea0219a22,141
R,0x0000001e07472190,
W,0x0000001e07472190,560
R,0x0000000c043153e5,
W,0x0000000c043153e5,610
R,0x0000001d972ba5a0,
R,0x0000001ea0219a22,
W,0x0000001ea0219a22,141
R,0x0000001d972ba5a0,
R,0x0000001e07472190,
W,0x0000001d972ba5a0,290
R,0x0000001cca60d48d,
R,0x0000001e07472190,
W,0x0000001cca60d48d,556
R,0x0000001da544c389,
R,0x0000001e07472190,
W,0x0000001e07472190,560
R,0x0000001da544c389,
R,0x0000000c043153e5,
W,0x0000001da544c389,594
R,0x0000000c043153e5,
W,0x0000000c043153e5,610
R,0x0000001f699fe77c,
R,0x0000002052df4b67,
W,0x0000001f699fe77c,303
R,0x0000002052df4b67,
W,0x0000002052df4b67,717
R,0x000000124e1ae332,
R,0x0000001f699fe77c,
W,0x0000001f699fe77c,303
R,0x000000124e1ae332,
R,0x0000002052df4b67,
W,0x000000124e1ae332,618
R,0x0000002052df4b67,
W,0x0000002052df4b67,717
R,0x000000212845695c,
R,0x000000215ef83ccd,
W,0x000000212845695c,413
R,0x000000215ef83ccd,
W,0x000000215ef83ccd,458
R,0x00000021a704e269,
R,0x000000224af2e4c3,
W,0x00000021a704e269,339
R,0x000000224af2e4c3,
W,0x000000224af2e4c3,989
R,0x000000212845695c,
R,0x00000021a704e269,
W,0x00000021a704e269,339
R,0x000000212845695c,
R,0x000000224af2e4c3,
W,0x000000212845695c,413
R,0x000000215ef83ccd,
R,0x000000224af2e4c3,
W,0x000000215ef83ccd,458
R,0x000000224af2e4c3,
W,0x000000224af2e4c3,989
R,0x0000001f699fe77c,
R,0x00000021a704e269,
W,0x0000001f699fe77c,303
R,0x000000124e1ae332,
R,0x00000021a704e269,
W,0x00000021a704e269,339
R,0x000000124e1ae332,
R,0x000000212845695c,
W,0x000000212845695c,413
R,0x000000124e1ae332,
R,0x000000215ef83ccd,
W,0x000000215ef83ccd,458
R,0x000000124e1ae332,
R,0x000000224af2e4c3,
W,0x000000124e1ae332,618
R,0x0000002052df4b67,
R,0x000000224af2e4c3,
W,0x0000002052df4b67,717
R,0x000000224af2e4c3,
W,0x000000224af2e4c3,989
R,0x0000001ea0219a22,
R,0x0000001f699fe77c,
W,0x0000001ea0219a22,141
R,0x0000001d972ba5a0,
R,0x0000001f699fe77c,
W,0x0000001d972ba5a0,290
R,0x0000001cca60d48d,
R,0x0000001f699fe77c,
W,0x0000001f699fe77c,303
R,0x0000001cca60d48d,
R,0x00000021a704e269,
W,0x00000021a704e269,339
R,0x0000001cca60d48d,
R,0x000000212845695c,
W,0x000000212845695c,413
R,0x0000001cca60d48d,
R,0x000000215ef83ccd,
W,0x000000215ef83ccd,458
R,0x0000001cca60d48d,
R,0x000000124e1ae332,
W,0x0000001cca60d48d,556
R,0x0000001e07472190,
R,0x000000124e1ae332,
W,0x0000001e07472190,560
R,0x0000001da544c389,
R,0x000000124e1ae332,
W,0x0000001da544c389,594
R,0x0000000c043153e5,
R,0x000000124e1ae332,
W,0x0000000c043153e5,610
R,0x000000124e1ae332,
W,0x000000124e1ae332,618
R,0x0000002052df4b67,
W,0x0000002052df4b67,717
R,0x000000224af2e4c3,
W,0x000000224af2e4c3,989
R,0x0000001ac932b298,
R,0x0000001ea0219a22,
W,0x0000001ac932b298,111
R,0x00000015add0e2a0,
R,0x0000001ea0219a22,
W,0x0000001ea0219a22,141
R,0x00000015add0e2a0,
R,0x0000001d972ba5a0,
W,0x00000015add0e2a0,146
R,0x0000001b99a05706,
R,0x0000001d972ba5a0,
W,0x0000001d972ba5a0,290
R,0x0000001b99a05706,
R,0x0000001f699fe77c,
W,0x0000001f699fe77c,303
R,0x0000001b99a05706,
R,0x00000021a704e269,
W,0x00000021a704e269,339
R,0x0000001b99a05706,
R,0x000000212845695c,
W,0x0000001b99a05706,376
R,0x00000017f6407efd,
R,0x000000212845695c,
W,0x000000212845695c,413
R,0x00000017f6407efd,
R,0x000000215ef83ccd,
W,0x00000017f6407efd,448
R,0x00000018e0dbd52a,
R,0x000000215ef83ccd,
W,0x000000215ef83ccd,458
R,0x00000018e0dbd52a,
R,0x0000001cca60d48d,
W,0x00000018e0dbd52a,468
R,0x00000019f86ba998,
R,0x0000001cca60d48d,
W,0x00000019f86ba998,530
R,0x00000016eb905e0b,
R,0x0000001cca60d48d,
W,0x0000001cca60d48d,556
R,0x00000016eb905e0b,
R,0x0000001e07472190,
W,0x0000001e07472190,560
R,0x00000016eb905e0b,
R,0x0000001da544c389,
W,0x0000001da544c389,594
R,0x00000016eb905e0b,
R,0x0000000c043153e5,
W,0x0000000c043153e5,610
R,0x00000016eb905e0b,
R,0x000000124e1ae332,
W,0x00000016eb905e0b,611
R,0x0000001c4adc6a06,
R,0x000000124e1ae332,
W,0x000000124e1ae332,618
R,0x0000001c4adc6a06,
R,0x0000002052df4b67,
W,0x0000001c4adc6a06,638
R,0x000000160a6acf3d,
R,0x0000002052df4b67,
W,0x000000160a6acf3d,660
R,0x00000019510e74d0,
R,0x0000002052df4b67,
W,0x0000002052df4b67,717
R,0x00000019510e74d0,
R,0x000000224af2e4c3,
W,0x00000019510e74d0,797
R,0x0000001735b1585f,
R,0x000000224af2e4c3,
W,0x0000001735b1585f,918
R,0x0000001c04807e71,
R,0x000000224af2e4c3,
W,0x0000001c04807e71,932
R,0x000000224af2e4c3,
W,0x000000224af2e4c3,989
R,0x000000226831200c,
R,0x000000229c319630,
W,0x000000229c319630,546
R,0x000000226831200c,
W,0x000000226831200c,893
R,0x00000022ff80fe4b,
R,0x000000229c319630,
W,0x000000229c319630,546
R,0x00000022ff80fe4b,
R,0x000000226831200c,
W,0x000000226831200c,893
R,0x00000022ff80fe4b,
W,0x00000022ff80fe4b,947
R,0x00000023d6981df5,
R,0x000000249a842be9,
W,0x000000249a842be9,122
R,0x00000023d6981df5,
W,0x00000023d6981df5,961
R,0x000000256c0578dc,
R,0x000000249a842be9,
W,0x000000249a842be9,122
R,0x000000256c0578dc,
R,0x00000023d6981df5,
W,0x000000256c0578dc,671
R,0x00000023d6981df5,
W,0x00000023d6981df5,961
R,0x000000229c319630,
R,0x000000249a842be9,
W,0x000000249a842be9,122
R,0x000000229c319630,
R,0x000000256c0578dc,
W,0x000000229c319630,546
R,0x000000226831200c,
R,0x000000256c0578dc,
W,0x000000256c0578dc,671
R,0x000000226831200c,
R,0x00000023d6981df5,
W,0x000000226831200c,893
R,0x00000022ff80fe4b,
R,0x00000023d6981df5,
W,0x00000022ff80fe4b,947
R,0x00000023d6981df5,
W,0x00000023d6981df5,961
R,0x000000260969dd6d,
R,0x0000000490ed647a,
W,0x000000260969dd6d,250
R,0x0000000490ed647a,
W,0x0000000490ed647a,699
R,0x00000026715dba4b,
R,0x000000260969dd6d,
W,0x000000260969dd6d,250
R,0x00000026715dba4b,
R,0x0000000490ed647a,
W,0x00000026715dba4b,515
R,0x0000000490ed647a,
W,0x0000000490ed647a,699
R,0x00000026e5f16754,
R,0x00000023d6981df5,
W,0x00000026e5f16754,301
R,0x00000023d6981df5,
W,0x00000023d6981df5,961
R,0x000000275e9a6657,
R,0x00000026e5f16754,
W,0x000000275e9a6657,216
R,0x00000026e5f16754,
W,0x00000026e5f16754,301
R,0x00000023d6981df5,
W,0x00000023d6981df5,961
R,0x000000260969dd6d,
R,0x000000275e9a6657,
W,0x000000275e9a6657,216
R,0x000000260969dd6d,
R,0x00000026e5f16754,
W,0x000000260969dd6d,250
R,0x00000026715dba4b,
R,0x00000026e5f16754,
W,0x00000026e5f16754,301
R,0x00000026715dba4b,
R,0x00000023d6981df5,
W,0x00000026715dba4b,515
R,0x0000000490ed647a,
R,0x00000023d6981df5,
W,0x0000000490ed647a,699
R,0x00000023d6981df5,
W,0x00000023d6981df5,961
R,0x000000249a842be9,
R,0x000000275e9a6657,
W,0x000000249a842be9,122
R,0x000000229c319630,
R,0x000000275e9a6657,
W,0x000000275e9a6657,216
R,0x000000229c319630,
R,0x000000260969dd6d,
W,0x000000260969dd6d,250
R,0x000000229c319630,
R,0x00000026e5f16754,
W,0x00000026e5f16754,301
R,0x000000229c319630,
R,0x00000026715dba4b,
W,0x00000026715dba4b,515
R,0x000000229c319630,
R,0x0000000490ed647a,
W,0x000000229c319630,546
R,0x000000256c0578dc,
R,0x0000000490ed647a,
W,0x000000256c0578dc,671
R,0x000000226831200c,
R,0x0000000490ed647a,
W,0x0000000490ed647a,699
R,0x000000226831200c,
R,0x00000023d6981df5,
W,0x000000226831200c,893
R,0x00000022ff80fe4b,
R,0x00000023d6981df5,
W,0x00000022ff80fe4b,947
R,0x00000023d6981df5,
R,0x00000023d6981df5,
W,0x00000023d6981df5,961
R,0x00000023d6981df5,
W,0x00000023d6981df5,961
R,0x0000002837d6e985,
R,0x00000028a2137d84,
W,0x0000002837d6e985,75
R,0x00000028a2137d84,
W,0x00000028a2137d84,866
R,0x000000299000e54e,
R,0x0000002837d6e985,
W,0x0000002837d6e985,75
R,0x000000299000e54e,
R,0x00000028a2137d84,
W,0x00000028a2137d84,866
R,0x000000299000e54e,
W,0x000000299000e54e,993
R,0x0000002a04df4d0c,
R,0x0000002aec7eee7d,
W,0x0000002aec7eee7d,128
R,0x0000002a04df4d0c,
W,0x0000002a04df4d0c,642
R,0x0000002b5469d5d4,
R,0x0000002aec7eee7d,
W,0x0000002aec7eee7d,128
R,0x0000002b5469d5d4,
R,0x0000002a04df4d0c,
W,0x0000002b5469d5d4,616
R,0x0000002a04df4d0c,
W,0x0000002a04df4d0c,642
R,0x0000002837d6e985,
R,0x0000002aec7eee7d,
W,0x0000002837d6e985,75
R,0x00000028a2137d84,
R,0x0000002aec7eee7d,
W,0x0000002aec7eee7d,128
R,0x00000028a2137d84,
R,0x0000002b5469d5d4,
W,0x0000002b5469d5d4,616
R,0x00000028a2137d84,
R,0x0000002a04df4d0c,
W,0x0000002a04df4d0c,642
R,0x00000028a2137d84,
W,0x00000028a2137d84,866
R,0x000000299000e54e,
W,0x000000299000e54e,993
R,0x0000002b70817c1f,
R,0x0000002c3c2262c9,
W,0x0000002c3c2262c9,120
R,0x0000002b70817c1f,
W,0x0000002b70817c1f,832
R,0x0000002c72b7150c,
R,0x0000002c3c2262c9,
W,0x0000002c3c2262c9,120
R,0x0000002c72b7150c,
R,0x0000002b70817c1f,
W,0x0000002c72b7150c,604
R,0x0000002b70817c1f,
W,0x0000002b70817c1f,832
R,0x0000002d1cde9c92,
R,0x0000002db9d26476,
W,0x0000002db9d26476,357
R,0x0000002d1cde9c92,
W,0x0000002d1cde9c92,503
R,0x0000002e03885c85,
R,0x0000002ebc5c8f95,
W,0x0000002e03885c85,126
R,0x0000002ebc5c8f95,
W,0x0000002ebc5c8f95,936
R,0x0000002db9d26476,
R,0x0000002e03885c85,
W,0x0000002e03885c85,126
R,0x0000002db9d26476,
R,0x0000002ebc5c8f95,
W,0x0000002db9d26476,357
R,0x0000002d1cde9c92,
R,0x0000002ebc5c8f95,
W,0x0000002d1cde9c92,503
R,0x0000002ebc5c8f95,
W,0x0000002ebc5c8f95,936
R,0x0000002c3c2262c9,
R,0x0000002e03885c85,
W,0x0000002c3c2262c9,120
R,0x0000002c72b7150c,
R,0x0000002e03885c85,
W,0x0000002e03885c85,126
R,0x0000002c72b7150c,
R,0x0000002db9d26476,
W,0x0000002db9d26476,357
R,0x0000002c72b7150c,
R,0x0000002d1cde9c92,
W,0x0000002d1cde9c92,503
R,0x0000002c72b7150c,
R,0x0000002ebc5c8f95,
W,0x0000002c72b7150c,604
R,0x0000002b70817c1f,
R,0x0000002ebc5c8f95,
W,0x0000002b70817c1f,832
R,0x0000002ebc5c8f95,
W,0x0000002ebc5c8f95,936
R,0x0000002837d6e985,
R,0x0000002c3c2262c9,
W,0x0000002837d6e985,75
R,0x0000002aec7eee7d,
R,0x0000002c3c2262c9,
W,0x0000002c3c2262c9,120
R,0x0000002aec7eee7d,
R,0x0000002e03885c85,
W,0x0000002e03885c85,126
R,0x0000002aec7eee7d,
R,0x0000002db9d26476,
W,0x0000002aec7eee7d,128
R,0x0000002b5469d5d4,
R,0x0000002db9d26476,
W,0x0000002db9d26476,357
R,0x0000002b5469d5d4,
R,0x0000002d1cde9c92,
W,0x0000002d1cde9c92,503
R,0x0000002b5469d5d4,
R,0x0000002c72b7150c,
W,0x0000002c72b7150c,604
R,0x0000002b5469d5d4,
R,0x0000002b70817c1f,
W,0x0000002b5469d5d4,616
R,0x0000002a04df4d0c,
R,0x0000002b70817c1f,
W,0x0000002a04df4d0c,642
R,0x00000028a2137d84,
R,0x0000002b70817c1f,
W,0x0000002b70817c1f,832
R,0x00000028a2137d84,
R,0x0000002ebc5c8f95,
W,0x00000028a2137d84,866
R,0x000000299000e54e,
R,0x0000002ebc5c8f95,
W,0x0000002ebc5c8f95,936
R,0x000000299000e54e,
W,0x000000299000e54e,993
R,0x000000249a842be9,
R,0x0000002837d6e985,
W,0x0000002837d6e985,75
R,0x000000249a842be9,
R,0x0000002c3c2262c9,
W,0x0000002c3c2262c9,120
R,0x000000249a842be9,
R,0x0000002e03885c85,
W,0x000000249a842be9,122
R,0x000000275e9a6657,
R,0x0000002e03885c85,
W,0x0000002e03885c85,126
R,0x000000275e9a6657,
R,0x0000002aec7eee7d,
W,0x0000002aec7eee7d,128
R,0x000000275e9a6657,
R,0x0000002db9d26476,
W,0x000000275e9a6657,216
R,0x000000260969dd6d,
R,0x0000002db9d26476,
W,0x000000260969dd6d,250
R,0x00000026e5f16754,
R,0x0000002db9d26476,
W,0x00000026e5f16754,301
R,0x00000026715dba4b,
R,0x0000002db9d26476,
W,0x0000002db9d26476,357
R,0x00000026715dba4b,
R,0x0000002d1cde9c92,
W,0x0000002d1cde9c92,503
R,0x00000026715dba4b,
R,0x0000002c72b7150c,
W,0x00000026715dba4b,515
R,0x000000229c319630,
R,0x0000002c72b7150c,
W,0x000000229c319630,546
R,0x000000256c0578dc,
R,0x0000002c72b7150c,
W,0x0000002c72b7150c,604
R,0x000000256c0578dc,
R,0x0000002b5469d5d4,
W,0x0000002b5469d5d4,616
R,0x000000256c0578dc,
R,0x0000002a04df4d0c,
W,0x0000002a04df4d0c,642
R,0x000000256c0578dc,
R,0x0000002b70817c1f,
W,0x000000256c0578dc,671
R,0x0000000490ed647a,
R,0x0000002b70817c1f,
W,0x0000000490ed647a,699
R,0x000000226831200c,
R,0x0000002b70817c1f,
W,0x0000002b70817c1f,832
R,0x000000226831200c,
R,0x00000028a2137d84,
W,0x00000028a2137d84,866
R,0x000000226831200c,
R,0x0000002ebc5c8f95,
W,0x000000226831200c,893
R,0x00000022ff80fe4b,
R,0x0000002ebc5c8f95,
W,0x0000002ebc5c8f95,936
R,0x00000022ff80fe4b,
R,0x000000299000e54e,
W,0x00000022ff80fe4b,947
R,0x00000023d6981df5,
R,0x000000299000e54e,
W,0x00000023d6981df5,961
R,0x00000023d6981df5,
R,0x000000299000e54e,
W,0x00000023d6981df5,961
R,0x000000299000e54e,
W,0x000000299000e54e,993
R,0x0000001ac932b298,
R,0x0000002837d6e985,
W,0x0000002837d6e985,75
R,0x0000001ac932b298,
R,0x0000002c3c2262c9,
W,0x0000001ac932b298,111
R,0x0000001ea0219a22,
R,0x0000002c3c2262c9,
W,0x0000002c3c2262c9,120
R,0x0000001ea0219a22,
R,0x000000249a842be9,
W,0x000000249a842be9,122
R,0x0000001ea0219a22,
R,0x0000002e03885c85,
W,0x0000002e03885c85,126
R,0x0000001ea0219a22,
R,0x0000002aec7eee7d,
W,0x0000002aec7eee7d,128
R,0x0000001ea0219a22,
R,0x000000275e9a6657,
W,0x0000001ea0219a22,141
R,0x00000015add0e2a0,
R,0x000000275e9a6657,
W,0x00000015add0e2a0,146
R,0x0000001d972ba5a0,
R,0x000000275e9a6657,
W,0x000000275e9a6657,216
R,0x0000001d972ba5a0,
R,0x000000260969dd6d,
W,0x000000260969dd6d,250
R,0x0000001d972ba5a0,
R,0x00000026e5f16754,
W,0x0000001d972ba5a0,290
R,0x0000001f699fe77c,
R,0x00000026e5f16754,
W,0x00000026e5f16754,301
R,0x0000001f699fe77c,
R,0x0000002db9d26476,
W,0x0000001f699fe77c,303
R,0x00000021a704e269,
R,0x0000002db9d26476,
W,0x00000021a704e269,339
R,0x0000001b99a05706,
R,0x0000002db9d26476,
W,0x0000002db9d26476,357
R,0x0000001b99a05706,
R,0x0000002d1cde9c92,
W,0x0000001b99a05706,376
R,0x000000212845695c,
R,0x0000002d1cde9c92,
W,0x000000212845695c,413
R,0x00000017f6407efd,
R,0x0000002d1cde9c92,
W,0x00000017f6407efd,448
R,0x000000215ef83ccd,
R,0x0000002d1cde9c92,
W,0x000000215ef83ccd,458
R,0x00000018e0dbd52a,
R,0x0000002d1cde9c92,
W,0x00000018e0dbd52a,468
R,0x00000019f86ba998,
R,0x0000002d1cde9c92,
W,0x0000002d1cde9c92,503
R,0x00000019f86ba998,
R,0x00000026715dba4b,
W,0x00000026715dba4b,515
R,0x00000019f86ba998,
R,0x000000229c319630,
W,0x00000019f86ba998,530
R,0x0000001cca60d48d,
R,0x000000229c319630,
W,0x000000229c319630,546
R,0x0000001cca60d48d,
R,0x0000002c72b7150c,
W,0x0000001cca60d48d,556
R,0x0000001e07472190,
R,0x0000002c72b7150c,
W,0x0000001e07472190,560
R,0x0000001da544c389,
R,0x0000002c72b7150c,
W,0x0000001da544c389,594
R,0x0000000c043153e5,
R,0x0000002c72b7150c,
W,0x0000002c72b7150c,604
R,0x0000000c043153e5,
R,0x0000002b5469d5d4,
W,0x0000000c043153e5,610
R,0x00000016eb905e0b,
R,0x0000002b5469d5d4,
W,0x00000016eb905e0b,611
R,0x000000124e1ae332,
R,0x0000002b5469d5d4,
W,0x0000002b5469d5d4,616
R,0x000000124e1ae332,
R,0x0000002a04df4d0c,
W,0x000000124e1ae332,618
R,0x0000001c4adc6a06,
R,0x0000002a04df4d0c,
W,0x0000001c4adc6a06,638
R,0x000000160a6acf3d,
R,0x0000002a04df4d0c,
W,0x0000002a04df4d0c,642
R,0x000000160a6acf3d,
R,0x000000256c0578dc,
W,0x000000160a6acf3d,660
R,0x0000002052df4b67,
R,0x000000256c0578dc,
W,0x000000256c0578dc,671
R,0x0000002052df4b67,
R,0x0000000490ed647a,
W,0x0000000490ed647a,699
R,0x0000002052df4b67,
R,0x0000002b70817c1f,
W,0x0000002052df4b67,717
R,0x00000019510e74d0,
R,0x0000002b70817c1f,
W,0x00000019510e74d0,797
R,0x0000001735b1585f,
R,0x0000002b70817c1f,
W,0x0000002b70817c1f,832
R,0x0000001735b1585f,
R,0x00000028a2137d84,
W,0x00000028a2137d84,866
R,0x0000001735b1585f,
R,0x000000226831200c,
W,0x000000226831200c,893
R,0x0000001735b1585f,
R,0x0000002ebc5c8f95,
W,0x0000001735b1585f,918
R,0x0000001c04807e71,
R,0x0000002ebc5c8f95,
W,0x0000001c04807e71,932
R,0x000000224af2e4c3,
R,0x0000002ebc5c8f95,
W,0x0000002ebc5c8f95,936
R,0x000000224af2e4c3,
R,0x00000022ff80fe4b,
W,0x00000022ff80fe4b,947
R,0x000000224af2e4c3,
R,0x00000023d6981df5,
W,0x00000023d6981df5,961
R,0x000000224af2e4c3,
R,0x00000023d6981df5,
W,0x00000023d6981df5,961
R,0x000000224af2e4c3,
R,0x000000299000e54e,
W,0x000000224af2e4c3,989
R,0x000000299000e54e,
W,0x000000299000e54e,993
R,0x0000000f3ff5b711,
R,0x0000002837d6e985,
W,0x0000000f3ff5b711,1
R,0x0000000851520ce3,
R,0x0000002837d6e985,
W,0x0000000851520ce3,20
R,0x0000000953316cf7,
R,0x0000002837d6e985,
W,0x0000000953316cf7,22
R,0x000000003b65b86d,
R,0x0000002837d6e985,
W,0x000000003b65b86d,32
R,0x000000054c213fd9,
R,0x0000002837d6e985,
W,0x000000054c213fd9,40
R,0x00000005bd52808e,
R,0x0000002837d6e985,
W,0x00000005bd52808e,74
R,0x0000000d1c1bc6a0,
R,0x0000002837d6e985,
W,0x0000002837d6e985,75
R,0x0000000d1c1bc6a0,
R,0x0000001ac932b298,
W,0x0000000d1c1bc6a0,86
R,0x00000012d2752fe8,
R,0x0000001ac932b298,
W,0x00000012d2752fe8,103
R,0x00000014f208f30f,
R,0x0000001ac932b298,
W,0x0000001ac932b298,111
R,0x00000014f208f30f,
R,0x0000002c3c2262c9,
W,0x0000002c3c2262c9,120
R,0x00000014f208f30f,
R,0x000000249a842be9,
W,0x000000249a842be9,122
R,0x00000014f208f30f,
R,0x0000002e03885c85,
W,0x00000014f208f30f,123
R,0x0000000b5a204f97,
R,0x0000002e03885c85,
W,0x0000002e03885c85,126
R,0x0000000b5a204f97,
R,0x0000002aec7eee7d,
W,0x0000000b5a204f97,127
R,0x0000000d0f7290ab,
R,0x0000002aec7eee7d,
W,0x0000002aec7eee7d,128
R,0x0000000d0f7290ab,
R,0x0000001ea0219a22,
W,0x0000000d0f7290ab,140
R,0x00000004335cef65,
R,0x0000001ea0219a22,
W,0x0000001ea0219a22,141
R,0x00000004335cef65,
R,0x00000015add0e2a0,
W,0x00000004335cef65,145
R,0x00000014faeca43f,
R,0x00000015add0e2a0,
W,0x00000015add0e2a0,146
R,0x00000014faeca43f,
R,0x000000275e9a6657,
W,0x00000014faeca43f,211
R,0x00000014bfb6ceae,
R,0x000000275e9a6657,
W,0x000000275e9a6657,216
R,0x00000014bfb6ceae,
R,0x000000260969dd6d,
W,0x000000260969dd6d,250
R,0x00000014bfb6ceae,
R,0x0000001d972ba5a0,
W,0x0000001d972ba5a0,290
R,0x00000014bfb6ceae,
R,0x00000026e5f16754,
W,0x00000026e5f16754,301
R,0x00000014bfb6ceae,
R,0x0000001f699fe77c,
W,0x0000001f699fe77c,303
R,0x00000014bfb6ceae,
R,0x00000021a704e269,
W,0x00000014bfb6ceae,318
R,0x0000001356cce9ed,
R,0x00000021a704e269,
W,0x0000001356cce9ed,333
R,0x0000000a8a58b629,
R,0x00000021a704e269,
W,0x00000021a704e269,339
R,0x0000000a8a58b629,
R,0x0000002db9d26476,
W,0x0000002db9d26476,357
R,0x0000000a8a58b629,
R,0x0000001b99a05706,
W,0x0000001b99a05706,376
R,0x0000000a8a58b629,
R,0x000000212845695c,
W,0x0000000a8a58b629,379
R,0x00000002519bbba7,
R,0x000000212845695c,
W,0x000000212845695c,413
R,0x00000002519bbba7,
R,0x00000017f6407efd,
W,0x00000002519bbba7,430
R,0x00000000854d30b0,
R,0x00000017f6407efd,
W,0x00000000854d30b0,432
R,0x00000006ac5128ea,
R,0x00000017f6407efd,
W,0x00000006ac5128ea,440
R,0x000000144da3d3d6,
R,0x00000017f6407efd,
W,0x000000144da3d3d6,447
R,0x00000013f8e387ec,
R,0x00000017f6407efd,
W,0x00000017f6407efd,448
R,0x00000013f8e387ec,
R,0x000000215ef83ccd,
W,0x000000215ef83ccd,458
R,0x00000013f8e387ec,
R,0x00000018e0dbd52a,
W,0x00000013f8e387ec,463
R,0x00000003287f6c4a,
R,0x00000018e0dbd52a,
W,0x00000018e0dbd52a,468
R,0x00000003287f6c4a,
R,0x0000002d1cde9c92,
W,0x00000003287f6c4a,475
R,0x00000008d0f7365f,
R,0x0000002d1cde9c92,
W,0x0000002d1cde9c92,503
R,0x00000008d0f7365f,
R,0x00000026715dba4b,
W,0x00000008d0f7365f,512
R,0x00000003674adf00,
R,0x00000026715dba4b,
W,0x00000026715dba4b,515
R,0x00000003674adf00,
R,0x00000019f86ba998,
W,0x00000003674adf00,527
R,0x00000010a359fb06,
R,0x00000019f86ba998,
W,0x00000019f86ba998,530
R,0x00000010a359fb06,
R,0x000000229c319630,
W,0x00000010a359fb06,545
R,0x00000009acdfd5b8,
R,0x000000229c319630,
W,0x000000229c319630,546
R,0x00000009acdfd5b8,
R,0x0000001cca60d48d,
W,0x00000009acdfd5b8,548
R,0x0000000af526f787,
R,0x0000001cca60d48d,
W,0x0000000af526f787,552
R,0x00000009730002d7,
R,0x0000001cca60d48d,
W,0x0000001cca60d48d,556
R,0x00000009730002d7,
R,0x0000001e07472190,
W,0x0000001e07472190,560
R,0x00000009730002d7,
R,0x0000001da544c389,
W,0x00000009730002d7,571
R,0x000000145f6258ff,
R,0x0000001da544c389,
W,0x000000145f6258ff,579
R,0x0000000c460838c3,
R,0x0000001da544c389,
W,0x0000000c460838c3,588
R,0x00000011323e4703,
R,0x0000001da544c389,
W,0x0000001da544c389,594
R,0x00000011323e4703,
R,0x0000002c72b7150c,
W,0x00000011323e4703,595
R,0x00000013cd0111c4,
R,0x0000002c72b7150c,
W,0x00000013cd0111c4,603
R,0x0000000c043153e5,
R,0x0000002c72b7150c,
W,0x0000002c72b7150c,604
R,0x0000000c043153e5,
R,0x0000000c043153e5,
W,0x0000000c043153e5,610
R,0x0000000c043153e5,
R,0x00000016eb905e0b,
W,0x0000000c043153e5,610
R,0x000000124e1ae332,
R,0x00000016eb905e0b,
W,0x00000016eb905e0b,611
R,0x000000124e1ae332,
R,0x0000002b5469d5d4,
W,0x0000002b5469d5d4,616
R,0x000000124e1ae332,
R,0x000000124e1ae332,
W,0x000000124e1ae332,618
R,0x000000124e1ae332,
R,0x0000001c4adc6a06,
W,0x000000124e1ae332,618
R,0x0000000bdef54290,
R,0x0000001c4adc6a06,
W,0x0000001c4adc6a06,638
R,0x0000000bdef54290,
R,0x0000002a04df4d0c,
W,0x0000002a04df4d0c,642
R,0x0000000bdef54290,
R,0x000000160a6acf3d,
W,0x0000000bdef54290,647
R,0x00000007fd19eb68,
R,0x000000160a6acf3d,
W,0x00000007fd19eb68,650
R,0x0000000229be959f,
R,0x000000160a6acf3d,
W,0x000000160a6acf3d,660
R,0x0000000229be959f,
R,0x000000256c0578dc,
W,0x0000000229be959f,667
R,0x00000011c8ed54dd,
R,0x000000256c0578dc,
W,0x000000256c0578dc,671
R,0x00000011c8ed54dd,
R,0x0000000490ed647a,
W,0x00000011c8ed54dd,676
R,0x0000000fdac78241,
R,0x0000000490ed647a,
W,0x0000000fdac78241,678
R,0x000000130ec7601c,
R,0x0000000490ed647a,
W,0x000000130ec7601c,692
R,0x0000000490ed647a,
R,0x0000000490ed647a,
W,0x0000000490ed647a,699
R,0x0000000490ed647a,
R,0x0000002052df4b67,
W,0x0000000490ed647a,699
R,0x000000017bb34912,
R,0x0000002052df4b67,
W,0x000000017bb34912,709
R,0x000000009432cf39,
R,0x0000002052df4b67,
W,0x0000002052df4b67,717
R,0x000000009432cf39,
R,0x00000019510e74d0,
W,0x000000009432cf39,773
R,0x0000000e336306c3,
R,0x00000019510e74d0,
W,0x00000019510e74d0,797
R,0x0000000e336306c3,
R,0x0000002b70817c1f,
W,0x0000000e336306c3,817
R,0x0000000752eb8ef5,
R,0x0000002b70817c1f,
W,0x0000000752eb8ef5,823
R,0x0000000dd3d0c58f,
R,0x0000002b70817c1f,
W,0x0000000dd3d0c58f,826
R,0x000000125d14f6ed,
R,0x0000002b70817c1f,
W,0x0000002b70817c1f,832
R,0x000000125d14f6ed,
R,0x00000028a2137d84,
W,0x000000125d14f6ed,848
R,0x0000001088207dee,
R,0x00000028a2137d84,
W,0x00000028a2137d84,866
R,0x0000001088207dee,
R,0x000000226831200c,
W,0x000000226831200c,893
R,0x0000001088207dee,
R,0x0000001735b1585f,
W,0x0000001735b1585f,918
R,0x0000001088207dee,
R,0x0000001c04807e71,
W,0x0000001c04807e71,932
R,0x0000001088207dee,
R,0x0000002ebc5c8f95,
W,0x0000002ebc5c8f95,936
R,0x0000001088207dee,
R,0x00000022ff80fe4b,
W,0x0000001088207dee,940
R,0x0000000ef0d7e821,
R,0x00000022ff80fe4b,
W,0x0000000ef0d7e821,943
R,0x000000023e4fc90a,
R,0x00000022ff80fe4b,
W,0x00000022ff80fe4b,947
R,0x000000023e4fc90a,
R,0x00000023d6981df5,
W,0x00000023d6981df5,961
R,0x000000023e4fc90a,
R,0x00000023d6981df5,
W,0x00000023d6981df5,961
R,0x000000023e4fc90a,
R,0x000000224af2e4c3,
W,0x000000023e4fc90a,975
R,0x000000224af2e4c3,
W,0x000000224af2e4c3,989
R,0x000000299000e54e,
W,0x000000299000e54e,993